Name,PG_d1,PG_d2,PG_d3,PG_d4,PG_d5,GI,SNP6,SNP20,SNP17,SNP29
,,,,,,,4A,4A,4A,4A
,,,,,,,0,2.69,5.617,10.724
11.1.1,-,-,-,-,-,-,A,A,A,A
11.1.10,0,0,0,7.1,14.3,0.3,B,B,B,B
11.1.100,0,0,0,0,0,0,A,A,A,H
11.1.101,0,0,0,0,0,0,H,H,H,H
11.1.102,0,0,0,7.1,14.3,0.04,H,H,H,B
11.1.103,0,3.3,3.3,6.7,10,0.05,A,A,A,A
11.1.104,0,0,0,3.4,3.4,0.01,H,H,H,B
11.1.105,0,0,0,0,3.2,0.01,H,H,H,H
11.1.106,0,9.4,25,34.4,46.9,0.23,H,H,H,H
11.1.107,0,0,16.7,25,41.7,0.17,H,H,H,H
11.1.108,0,0,0,0,0,0,H,H,H,H
11.1.11,0,0,21.9,31.3,34.4,0.51,A,A,A,A
11.1.12,0,0,14.8,22.2,33.3,0.42,H,H,H,H
11.1.13,0,15.2,69.7,78.8,81.8,0.6,A,A,A,A
11.1.14,0,17.2,48.3,55.2,72.4,0.53,H,H,H,H
11.1.15,4.2,4.2,8.3,29.2,54.2,0.37,B,B,B,B
11.1.16,0,0,20.7,48.3,62.1,0.42,B,B,B,B
11.1.17,0,0,0,6.7,13.3,0.3,H,H,H,H
11.1.18,0,0,0,0,3,0.2,B,B,B,B
11.1.19,0,0,2.9,5.9,14.7,0.32,H,H,H,H
11.1.2,0,6.3,28.1,43.8,56.3,0.48,H,A,H,H
11.1.20,0,0,0,0,0,0,B,B,B,B
11.1.21,0,0,29,29,35.5,0.53,A,A,A,H
11.1.22,0,0,0,6.7,13.3,0.3,A,A,A,A
11.1.23,0,0,3.3,3.3,6.7,0.4,H,H,H,H
11.1.24,0,0,0,0,12.9,0.2,A,A,A,A
11.1.25,0,22.9,65.7,80,88.6,0.58,A,A,A,A
11.1.26,0,0,23.3,53.3,53.3,0.49,A,A,A,A
11.1.27,0,0,13.3,13.3,23.3,0.43,H,H,H,H
11.1.28,0,0,0,0,0,0,B,H,B,B
11.1.29,0,0,0,0,10,0.2,H,H,H,H
11.1.3,0,6.7,40,53.3,56.7,0.55,H,H,H,H
11.1.30,0,0,3.8,3.8,15.4,0.3,H,B,B,B
11.1.31,0,0,20,23.3,33.3,0.46,H,A,H,A
11.1.32,0,3.2,12.9,25.8,32.3,0.15,H,H,H,H
11.1.33,0,6.3,15.6,28.1,34.4,0.17,A,A,A,H
11.1.34,0,3.7,7.4,7.4,18.5,0.07,H,H,H,A
11.1.35,0,0,0,0,3.3,0.01,B,B,B,B
11.1.36,0,3.2,29,64.5,71,0.34,A,A,A,A
11.1.37,0,0,4.3,13,21.7,0.08,B,B,B,B
11.1.38,-,-,-,-,-,-,.,H,B,.
11.1.39,0,0,0,0,0,0,H,H,H,H
11.1.4,3.1,9.4,12.5,12.5,18.8,0.6,B,B,B,B
11.1.40,0,17.2,24.1,41.4,48.3,0.26,A,A,A,A
11.1.41,0,0,0,0,6.5,0.01,H,A,A,A
11.1.42,0,0,3.4,6.9,13.8,0.05,H,H,H,H
11.1.43,0,0,0,6.9,6.9,0.03,H,H,H,H
11.1.44,0,0,6.3,12.5,21.9,0.08,A,A,A,A
11.1.45,0,7.4,29.6,40.7,51.9,0.26,A,A,A,A
11.1.46,0,0,19.2,30.8,38.5,0.18,H,H,B,B
11.1.47,0,0,0,0,0,0,B,B,B,B
11.1.48,0,0,0,0,0,0,H,H,H,H
11.1.49,0,6.7,20,26.7,40,0.19,A,A,A,A
11.1.5,0,0,3.4,3.4,3.4,0.6,B,H,B,B
11.1.50,0,8.3,29.2,37.5,54.2,0.26,H,H,H,B
11.1.51,3.6,3.6,3.6,3.6,3.6,0.04,A,A,A,A
11.1.52,0,0,0,3.3,3.3,0.01,H,H,B,B
11.1.53,0,3.2,3.2,6.5,9.7,0.05,H,H,H,H
11.1.54,0,0,13.3,26.7,36.7,0.15,A,A,A,A
11.1.55,0,0,0,0,7.7,0.02,B,B,B,B
11.1.56,0,0,0,7.4,11.1,0.04,B,B,B,B
11.1.57,0,0,0,0,6.7,0.01,B,B,B,B
11.1.58,0,3.6,10.7,21.4,28.6,0.13,H,H,H,H
11.1.59,0,0,17.2,31,55.2,0.21,H,H,H,H
11.1.6,0,0,6.3,9.4,9.4,0.53,H,H,H,H
11.1.60,0,10,23.3,36.7,60,0.26,H,H,H,H
11.1.61,0,0,0,0,0,0,B,B,B,B
11.1.62,0,6.7,13.3,20,30,0.14,H,A,A,A
11.1.63,0,0,3.4,3.4,24.1,0.06,H,H,H,H
11.1.64,0,0,10,13.3,20,0.09,A,A,A,A
11.1.65,0,0,12,24,28,0.13,H,H,H,H
11.1.66,0,6.3,12.5,18.8,25,0.13,A,A,A,A
11.1.67,0,0,3.1,3.1,3.1,0.02,H,H,H,H
11.1.68,0,0,3.3,3.3,10,0.03,B,B,B,B
11.1.69,0,20.7,41.4,48.3,51.7,0.32,H,H,H,H
11.1.7,0,0,0,0,0,0,B,B,B,B
11.1.70,0,22.6,35.5,67.7,74.2,0.4,H,H,H,H
11.1.71,0,0,0,0,0,0,H,H,H,H
11.1.72,0,0,0,0,0,0,H,B,B,B
11.1.73,0,0,6.7,10,20,0.07,B,B,B,B
11.1.74,0,3.4,3.4,13.8,13.8,0.07,B,B,B,B
11.1.75,0,0,0,3.2,3.2,0.01,H,H,H,H
11.1.76,0,0,0,0,0,0,B,B,B,H
11.1.77,0,0,6.9,17.2,24.1,0.1,H,H,H,H
11.1.78,0,0,3.2,6.5,6.5,0.03,B,B,H,H
11.1.79,0,0,3.3,26.7,43.3,0.15,H,A,A,A
11.1.8,0,3.1,3.1,12.5,18.8,0.4,H,H,H,H
11.1.80,0,0,0,0,14.8,0.03,H,H,H,H
11.1.81,0,0,0,0,10.7,0.02,H,H,H,H
11.1.82,0,3.3,13.3,13.3,16.7,0.09,A,A,A,A
11.1.83,0,0,0,0,6.9,0.01,B,B,B,B
11.1.84,0,0,0,0,3.2,0.01,H,H,H,H
11.1.85,0,3.3,16.7,36.7,46.7,0.21,A,A,A,A
11.1.86,0,3.4,10.3,17.2,24.1,0.11,H,H,H,H
11.1.87,0,0,0,3.2,3.2,0.01,H,H,H,H
11.1.88,0,0,8.7,13,13,0.07,H,H,H,H
11.1.89,0,0,4.2,8.3,8.3,0.04,B,B,B,B
11.1.9,0,0,3.1,12.5,21.9,0.34,H,H,H,H
11.1.90,0,0,0,6.5,12.9,0.04,H,H,H,H
11.1.91,0,0,0,0,0,0,B,B,H,H
11.1.92,0,0,0,3.3,6.7,0.02,B,B,B,B
11.1.93,0,0,0,0,11.1,0.02,H,H,H,H
11.1.94,0,0,7.1,7.1,7.1,0.04,H,H,H,A
11.1.95,0,0,0,0,0,0,B,B,B,B
11.1.96,0,0,0,0,3.6,0.01,H,H,H,H
11.1.97,0,0,9.7,9.7,9.7,0.06,H,H,H,B
11.1.98,0,0,0,0,0,0,B,B,B,B
11.1.99,0,0,3.1,6.3,18.8,0.06,A,A,A,A
