name,GI,PG,Primer1,Primer2,Primer8,Primer7,Primer4,Primer5,Primer6,P20,MKK3,P29,P30
,,,4A,4A,4A,4A,4A,4A,4A,4A,4A,4A,4A
,,,0,2.534,3.423,3.595,3.993,4.574,7.2,12.169,14.192,16.832,19.593
5.2.948,0.38,66.04938272,H,H,A,A,A,A,A,A,A,A,A
5.2.949,0.31,48.27160494,H,H,H,H,-,H,H,H,H,H,H
5.2.950,0.61,98.77,H,H,A,-,-,-,H,A,A,-,A
5.2.951,0.27,46.10229277,H,H,H,-,-,-,H,B,B,B,B
5.2.952,0.62,94.16666667,H,A,A,-,A,A,A,A,A,H,H
5.2.953,0.27,45.21604938,H,H,H,-,H,H,H,H,H,H,A
5.2.954,0.47,78.4,H,H,H,-,H,H,H,H,H,H,H
5.2.955,0.59,77.35890653,H,A,A,-,A,A,A,A,A,A,A
5.2.956,0.45,76.51,H,H,H,-,H,H,H,H,H,-,A
5.2.957,0.52,84.81481481,H,H,H,-,H,H,H,-,H,-,H
5.2.958,0.58,87.17813051,A,A,A,-,A,A,A,H,H,-,-
5.2.959,0.33,52.22222222,H,H,H,-,A,A,H,H,H,H,H
5.2.960,0.47,79.26,H,H,H,H,H,H,H,H,H,H,H
5.2.961,0.29,45.83333333,B,B,B,-,B,B,B,H,H,H,H
5.2.962,0.47,70.60405644,H,A,H,B,H,H,H,H,H,H,H
5.2.963,0.46,71.91358025,H,H,H,H,H,H,H,H,B,H,H
5.2.964,0.38,61.23,B,B,B,-,B,B,B,-,H,H,H
5.2.965,0.31,55.18518519,H,H,H,-,H,H,H,-,B,-,B
5.2.966,0.49,82.92328042,A,A,A,A,A,A,A,H,H,H,H
5.2.967,0.48,76.51234568,A,A,H,-,H,H,H,H,H,H,H
5.2.968,0.6,92.22222222,H,H,H,-,A,A,H,H,H,H,H
5.2.969,0.36,58.7654321,A,A,A,A,A,A,A,H,H,H,H
5.2.970,0.21,35.68,B,H,H,H,H,H,H,H,H,H,H
5.2.971,0.19,25,B,B,H,H,H,H,H,B,B,B,A
5.2.972,0.36,59.35,H,H,H,-,H,H,H,-,H,H,B
5.2.973,0.29,49.44444444,B,B,B,B,B,B,B,-,H,-,H
5.2.975,0.42,69.87654321,B,B,B,B,B,B,B,H,H,H,H
5.2.976,0.41,62.09876543,A,A,H,H,H,H,H,H,H,A,A
5.2.977,0.43,76.2654321,A,A,H,H,B,B,H,H,H,H,H
5.2.980,0.46,78.27160494,A,A,A,A,A,A,A,H,H,H,H
5.2.982,0.27,49.38,H,H,H,H,H,H,H,H,H,B,B
5.2.983,0.24,44.01234568,B,B,B,B,B,B,B,B,B,B,H
5.2.984,0.33,58.89,A,H,H,H,H,H,H,-,H,H,H
5.2.985,0.6,88.88888889,H,H,H,H,H,H,H,A,A,A,H
5.2.987,0.32,55.61287478,B,B,B,B,B,B,B,B,B,B,H
5.2.988,0.34,62.22,B,H,H,H,H,H,H,H,H,H,H
5.2.989,0.32,60.28,B,B,B,B,B,B,B,B,B,B,B
5.2.991,0.56,93.05555556,H,H,H,H,H,H,H,H,H,H,H
5.2.992,0.42,69.35185185,B,-,-,-,-,-,-,H,-,-,A
5.2.993,0.63,93.21,H,A,A,-,A,A,A,A,A,A,A
5.2.994,0.51,84.58553792,A,A,A,-,A,A,A,H,H,H,H
5.2.995,0.62,88.7654321,A,A,A,A,A,A,A,A,A,A,A
5.2.996,0.59,89.25925926,A,A,A,A,A,A,A,A,A,H,H
5.2.997,0.26,46.66666667,A,A,A,A,A,A,A,B,B,B,B
5.2.998,0.29,50.24691358,B,B,B,B,B,B,B,B,B,B,B
5.2.999,0.46,77.00617284,A,A,A,A,A,A,A,A,A,H,B
5.2.1000,0.34,65.8,B,B,B,-,B,B,B,-,H,-,-
5.2.1001,0.43,79.14,A,H,H,H,H,H,H,H,H,H,H
5.2.1002,0.39,64.44444444,B,B,B,B,B,B,B,H,B,B,B
5.2.1003,0.41,68.4,H,H,H,H,H,H,H,H,H,A,A
5.2.1004,0.32,61.64,A,A,A,A,A,A,A,H,H,-,B
5.2.1005,0.29,50.25,H,H,H,-,A,A,H,H,H,H,H
5.2.1006,0.45,70.62,A,A,A,A,A,A,A,A,A,A,A
5.2.1007,0.32,55.99647266,A,H,H,H,H,H,H,H,H,H,H
5.2.1008,0.43,68.94179894,A,H,B,H,H,H,H,H,H,H,H
5.2.1009,0.54,86.33,A,A,A,A,A,A,A,A,A,A,H
5.2.1010,0.45,74.44,H,H,H,H,H,H,H,H,H,H,A
5.2.1011,0.42,72.25308642,H,H,H,H,H,H,H,H,H,-,A
5.2.1012,0.61,89.13,A,H,A,-,H,H,H,A,A,A,A
5.2.1013,0.6,87.5308642,B,H,H,-,H,H,H,A,A,A,A
